path	source	bytes	sha256
domain/Tracking.mrs	https://raw.githubusercontent.com/666OS/rules/release/mihomo/domain/Tracking.mrs	5465	bfc2c1f50c92d3ce8211c82ab2dbb8e165d067d6abf04c474022d551697f2644
domain/Advertising.mrs	https://raw.githubusercontent.com/666OS/rules/release/mihomo/domain/Advertising.mrs	7958	6b9cc313a90e3e2b440c147c2e017ed9174d13c0ffdda93fe7fc6edbdc67f7f5
domain/Direct.mrs	https://raw.githubusercontent.com/666OS/rules/release/mihomo/domain/Direct.mrs	510	705afb7af8cee7b504e97af75c56e6e3c63cbf4e38b7a1c6c71e76a371c82257
domain/LocationDKS.mrs	https://raw.githubusercontent.com/666OS/rules/release/mihomo/domain/LocationDKS.mrs	133	0f2cff4dd87688749f5747ae9e0e40dd6b1cd9e3735b59b76a31db74beeb6a08
domain/Private.mrs	https://raw.githubusercontent.com/666OS/rules/release/mihomo/domain/Private.mrs	1319	670e209f363de3877bfba68ff8de479a0e565186e69039b29414f8474b31e9d7
domain/Download.mrs	https://raw.githubusercontent.com/666OS/rules/release/mihomo/domain/Download.mrs	1812	3e006c67b3cc17cc913736292e62c266d80c947fa6c7b57e9aec4fb6bb7d50a7
domain/Speedtest.mrs	https://raw.githubusercontent.com/666OS/rules/release/mihomo/domain/Speedtest.mrs	40261	650aad911eb778a6d2a6556936910fbb25a7dbf2e1e2ec67a4b319777c7d54f2
domain/AI.mrs	https://raw.githubusercontent.com/666OS/rules/release/mihomo/domain/AI.mrs	2634	42ae1035768e42885ea073552a0e851353ff8651df18332564a929ed10b62e43
domain/Telegram.mrs	https://raw.githubusercontent.com/666OS/rules/release/mihomo/domain/Telegram.mrs	401	3ae566e74d923f71b43f4048f8e62149c10d7e8f2f6a36301d8e27fe3eb6520b
domain/Twitter.mrs	https://raw.githubusercontent.com/666OS/rules/release/mihomo/domain/Twitter.mrs	324	b287eac1d2a97da62e17cffddf55e0296665a289a41fba774fdba7397e6ea3f7
domain/SocialMedia.mrs	https://raw.githubusercontent.com/666OS/rules/release/mihomo/domain/SocialMedia.mrs	5733	36a0cea9b25a6c9a14a1a1334a0c65b1e02fdee27dff1304c10d146d2d23443e
domain/NewsMedia.mrs	https://raw.githubusercontent.com/666OS/rules/release/mihomo/domain/NewsMedia.mrs	14381	4d70ab2fe7f0ef99ab7f05088e4b99b261c62374cd8ce416ca5c52092e1219eb
domain/Games.mrs	https://raw.githubusercontent.com/666OS/rules/release/mihomo/domain/Games.mrs	10624	6789fe2d4cb0c6b4b2e3355b4963f5043c47da8dc8e102705c79fd0214a0c006
domain/Crypto.mrs	https://raw.githubusercontent.com/666OS/rules/release/mihomo/domain/Crypto.mrs	4910	68591032e5bd14cb9cfa181e09619367f6521dc8f1c5d26cd9254e4224fc0f74
domain/Netflix.mrs	https://raw.githubusercontent.com/666OS/rules/release/mihomo/domain/Netflix.mrs	292	a6fea26ce2168e069fe865f269e86e5e031a51b5b3855fe297e1bc004a3170bd
domain/YouTube.mrs	https://raw.githubusercontent.com/666OS/rules/release/mihomo/domain/YouTube.mrs	1366	e212b2ce9f39b30f4e2ab57da9ed0937673606bc56bb46e5d55ad7dd9af00aef
domain/XPTV.mrs	https://raw.githubusercontent.com/666OS/rules/release/mihomo/domain/XPTV.mrs	2972	5b20c7eb9b87bb151942d70bd32a301b3e9dfd0f2018e2c34e53af33dc1b5e9b
domain/Emby.mrs	https://raw.githubusercontent.com/666OS/rules/release/mihomo/domain/Emby.mrs	1993	ee502421f3f8fdb2e4f73fe2c90419efdb610fc841d0dd9b646eb7006e796608
domain/Streaming.mrs	https://raw.githubusercontent.com/666OS/rules/release/mihomo/domain/Streaming.mrs	6831	dad71a4d61faa78d380a436a831e4488f6336064660a3f149bfd9c2103e00cf0
domain/AppleCN.mrs	https://raw.githubusercontent.com/666OS/rules/release/mihomo/domain/AppleCN.mrs	463	c930b184236d10cc784a4e91cf4944dda8fa693cc6ffcbdd39b12075725c85a8
domain/Apple.mrs	https://raw.githubusercontent.com/666OS/rules/release/mihomo/domain/Apple.mrs	17998	59669deb5c765e992f68fa5495db95608c3574ce75d3e2a5ff023744cdc0c775
domain/Google.mrs	https://raw.githubusercontent.com/666OS/rules/release/mihomo/domain/Google.mrs	8871	c00b128d6dc427be195d98b2c5cc6de0b0da31673ee9ff2427725cf166cf845a
domain/Microsoft.mrs	https://raw.githubusercontent.com/666OS/rules/release/mihomo/domain/Microsoft.mrs	8025	c25434b40c01ec5cbe13fccc647b433d4ee8c0af74369c9bc79ae0e43975fccd
domain/Facebook.mrs	https://raw.githubusercontent.com/666OS/rules/release/mihomo/domain/Facebook.mrs	4248	ee0638fd7b7c9748a299606c297a98ac225e10c248f76473ed4c8374ad70e874
domain/Proxy.mrs	https://raw.githubusercontent.com/666OS/rules/release/mihomo/domain/Proxy.mrs	199214	f57e01789acab12f3b2f801c1a130505e5a2e79d20250f163b2e23c797d53fa7
domain/China.mrs	https://raw.githubusercontent.com/666OS/rules/release/mihomo/domain/China.mrs	539038	70127ab5529cfcd6add4dd9cedbaefa62b3b364e18459d9936304118cb40540d
ip/Advertising.mrs	https://raw.githubusercontent.com/666OS/rules/release/mihomo/ip/Advertising.mrs	60	e7e0c783d3d4641428780ec00529af5421b6a837dd90fde83e5b22c60132210e
ip/Private.mrs	https://raw.githubusercontent.com/666OS/rules/release/mihomo/ip/Private.mrs	157	a4a5e01525e7ab9603b2254248ccb45620cedbd42a73e265eefe0cc2798ac378
ip/AI.mrs	https://raw.githubusercontent.com/666OS/rules/release/mihomo/ip/AI.mrs	62	1b23d1fd271003f7ece56f213b5e9ada122f77848a111a9d4bd6c1d7ea927bde
ip/Telegram.mrs	https://raw.githubusercontent.com/666OS/rules/release/mihomo/ip/Telegram.mrs	170	1c59d44f56fc80466ad4e8fedcb284b0c22ebbf0e57d9297c553af449a0e6c4d
ip/SocialMedia.mrs	https://raw.githubusercontent.com/666OS/rules/release/mihomo/ip/SocialMedia.mrs	145	5d7e31f4ca32d63a27b69c94613032e0e3b5f5094c14765680c9e95160bc79dd
ip/XPTV.mrs	https://raw.githubusercontent.com/666OS/rules/release/mihomo/ip/XPTV.mrs	112	a6f2ab63f93613c2f6b803148ffeedc5dcad9bd429d3abac3593b894ceea80bb
ip/Emby.mrs	https://raw.githubusercontent.com/666OS/rules/release/mihomo/ip/Emby.mrs	92	9888497cda18a6afbd337622ed3f0a6422a24497fd62d35b6cb46c4195288a65
ip/Netflix.mrs	https://raw.githubusercontent.com/666OS/rules/release/mihomo/ip/Netflix.mrs	317	d4f46990f4bf2c71e95caf13a25ffcd664a0097676a9b5f4be3fa5aa3fcb5255
ip/Streaming.mrs	https://raw.githubusercontent.com/666OS/rules/release/mihomo/ip/Streaming.mrs	113	a8ce3ed4a4fbe89d06d642365976461986c4956844503a65d404cdeb3bf629b0
ip/Google.mrs	https://raw.githubusercontent.com/666OS/rules/release/mihomo/ip/Google.mrs	8134	577be79905704196ec6a6efdcd38561cffc20913c38efb02b2eca5304f202e84
ip/Facebook.mrs	https://raw.githubusercontent.com/666OS/rules/release/mihomo/ip/Facebook.mrs	545	df81befa3d4062678be93aecb050ec8a9b10ea3091f3d2765acf07212d742ae6
ip/Proxy.mrs	https://raw.githubusercontent.com/666OS/rules/release/mihomo/ip/Proxy.mrs	127	4c3dde4026ab9d277a706d5a2ca7e2eca2c059aef6255ed268f6708c53dad745
ip/China.mrs	https://raw.githubusercontent.com/666OS/rules/release/mihomo/ip/China.mrs	37784	ce1269798a9819d5e3227fcbbe8af232508d7411659a6c0abba6daf3b36bfd16
classical/UK-wifi-call.list	https://raw.githubusercontent.com/HenryChiao/wificalling/refs/heads/main/rules/UK-wifi-call.list	424	d432668f906b3e807d0b636b5883aa9fd6fd7e90131d8b883d5a1cee90c6c1f5
yaml/AWAvenue-Ads-Rule-Clash.yaml	https://raw.githubusercontent.com/TG-Twilight/AWAvenue-Ads-Rule/main/Filters/AWAvenue-Ads-Rule-Clash.yaml	25709	8117528e3a4bb648afd7b8dc33cb256c5cf1be918dcdadc1b65b54311a1504e5
yaml/GitHub.yaml	https://raw.githubusercontent.com/blackmatrix7/ios_rule_script/master/rule/Clash/GitHub/GitHub.yaml	1250	a2641ce2f10857831b600623f97d354e6f8db7b20dff175c5313c2c46e0b6867
fakeip/fakeip-filter.mrs	https://github.com/DustinWin/ruleset_geodata/releases/download/mihomo-ruleset/fakeip-filter.mrs	1074	1499646829c716a7fd5fb2714f16ba12045d30e7258f0f6a169bb97c32fecc80
ip/ChinaIP.mrs	https://raw.githubusercontent.com/666OS/rules/release/mihomo/ip/China.mrs	37784	ce1269798a9819d5e3227fcbbe8af232508d7411659a6c0abba6daf3b36bfd16
